function_name,data_length,runtime_speed_secs
silly_sort,2,5.4836273193359375e-06
silly_sort,4,6.4373016357421875e-06
silly_sort,6,0.00030303001403808594
silly_sort,8,0.09849190711975098
silly_sort,10,0.4009237289428711
stupid_sort,2,1.9073486328125e-06
stupid_sort,4,7.152557373046875e-07
stupid_sort,6,4.76837158203125e-07
stupid_sort,8,4.76837158203125e-07
stupid_sort,10,4.76837158203125e-07
