function_name,data_length,runtime_speed_secs
silly_sort,2,1.33514404296875e-05
silly_sort,4,1.9788742065429688e-05
silly_sort,6,0.0009112358093261719
silly_sort,8,0.27066612243652344
silly_sort,10,1.118778944015503
stupid_sort,2,2.1457672119140625e-06
stupid_sort,4,1.1920928955078125e-06
stupid_sort,6,1.430511474609375e-06
stupid_sort,8,1.430511474609375e-06
stupid_sort,10,9.5367431640625e-07
